category,search_keyword,name,value
Electric Strike,"electric,strike",F4114,"39 5/16"" C/L FFF"
Electric Strike,"electric,strike",F4114,"39 5/16"" C/L FFF"
Electric Strike,"electric,strike",F4114,"39 19/32"" C/L FFF"
Electric Strike,"electric,strike",F4314,"39 5/16"" C/L FFF"
Electric Strike,"electric,strike",F4314,"39 5/16"" C/L FFF"
Electric Strike,"electric,strike",F4314,"39 19/32"" C/L FFF"
Electric Strike,"electric,strike",F2164,"40 5/16"" C/L FFF"
Electric Strike,"electric,strike",1500C,40 5/16 C/L FFF
Electric Strike,"electric,strike",1006-KM,"40 5/16"" C/L FFF"
Electric Strike,"electric,strike",1006-KD,"40 5/16"" C/L FFF"
Electric Strike,"electric,strike",1006-KM,"40 5/16"" C/L FFF"
Electric Strike,"electric,strike",4500,"40 1/16"""
Electric Strike,"electric,strike",4500,"40 5/16"" C/L FFF"
Electric Strike,"electric,strike",4500,"39 15/16"" C/L FFF"
Electric Strike,"electric,strike",4500,"39 15/16"" C/L FFF"
Electric Strike,"electric,strike",6211,"39 15/16"" C/L FFF"
Electric Strike,"electric,strike",6211,"39 1/16"""
Electric Strike,"electric,strike",6211,"39 1/16"""
Electric Strike,"electric,strike",6211,"39 15/16"""
Electric Strike,"electric,strike",6223,"39 19/32"" C/L FFF"
Electric Strike,"electric,strike",6223,"39 5/16"" C/L FFF"
Electric Strike,"electric,strike",6223,"40 1/16"" C/L FFF"
Electric Strike,"electric,strike",6216,"39 19/32"" C/L FFF"
Electric Strike,"electric,strike",6216,"39 5/16"" C/L FFF"
Electric Strike,"electric,strike",6210,"40 1/16"" C/L FFF"
Electric Strike,"electric,strike",6210,"39 15/16"""
Electric Strike,"electric,strike",6210,"40 5/16"" C/L FFF"
Mortised Lock,"mortised,lock",LH8700,"39 3/16"" C/L FBOD"
Mortised Lock,"mortised,lock",L9000,"39 3/16"" C/L FBOD"
Mortised Lock,"mortised,lock",8200,"39 3/16"" C/L FBOD"
Mortised Lock,"mortised,lock",LH8700,"39 3/16"" C/L FBOD"
Mortised Lock,"mortised,lock",L9000,"39 3/16"" C/L FBOD"
Mortised Lock,"mortised,lock",8200,"39 3/16"" C/L FBOD"
Mortised Lock,"mortised,lock",L9485,"39 3/16"" C/L FBOD"
Mortised Lock,"mortised,lock",8200,39 3/16 C/L FBOD
Mortised Lock,"mortised,lock",8200,"39 3/16"" C/L FBOD"
Mortised Lock,"mortised,lock",L9000,"39 3/16"" C/L FBOD"
Mortised Lock,"mortised,lock",9875,"39 3/16"" C/L FBOD"
Mortised Lock,"mortised,lock",8200,"39 3/16"" C/L FBOD"
Mortised Lock,"mortised,lock",45H,"39 3/16"" C/L FBOD"
Mortised Lock,"mortised,lock",LH8700,"39 3/16"" C/L FBOD"
Mortised Lock,"mortised,lock",L9000,"39 3/16"" C/L FBOD"
Mortised Lock,"mortised,lock",8200,"39 3/16"" C/L FBOD"
Mortised Lock,"mortised,lock",L9080,"39 3/16"" C/L FBOD"
Mortised Lock,"mortised,lock",LH8700,"39 3/16"" C/L FBOD"
Mortised Lock,"mortised,lock",45H,"39 3/16"" C/L FBOD"
Mortised Lock,"mortised,lock",8200,"39 3/16"" C/L FBOD"
Mortised Lock,"mortised,lock",L9080,"39 3/16"" C/L FBOD"
Mortised Lock,"mortised,lock",9875,"39 3/16"" C/L FBOD"
Mortised Lock,"mortised,lock",9225,"39 3/16"" C/L FBOD"
Mortised Lock,"mortised,lock",L9485,"39 3/16"" C/L FBOD"
Mortised Lock,"mortised,lock",L9080,"39 3/16"" C/L FBOD"
Mortised Lock,"mortised,lock",45H,"39 3/16"" C/L FBOD"
Mortised Lock,"mortised,lock",8200,"39 3/16"" C/L FBOD"

